{
    "v1.58": {
        "35a1114": {
            "timestamp": "2024-06-19T17:49:27.168934",
            "total_decompiled": 65,
            "functions_c_total": 45797,
            "missing": 45606,
            "percentage": 0.14193069415027187
        }
    },
    "v34.4.631547.1": {}
}